{
  "isPanelOpen": true,
  "scripts": [
    {
      "nama": "SC AUTO ORDER VINSZ",
      "harga": 15000,
      "deskripsi": "SC AUTO ORDER YANG SAYA PAKAI",
      "file_id": "BQACAgUAAxkBAAOPaWpPc8A-IqlWdTBlikARLSm_clIAAqgcAAJc6FBXex0QPR06QU44BA",
      "fileName": "autoordernazriel.zip"
    },
    {
      "nama": "SC AUTO ORDER NOKOS",
      "harga": 50000,
      "deskripsi": "order nokos lebih simpel dan murah mulai dari harga 2ribuan",
      "file_id": "BQACAgUAAxkBAAOhaWpQj7vqdkzFr5FuPkIvy4W5XOUAAq8cAAJc6FBXa7GsoHoK2LY4BA",
      "fileName": "FIXED-V3-NO-MONITORING.zip"
    },
    {
      "nama": "SC CPANEL NAERI NO UP",
      "harga": 25000,
      "deskripsi": "sc cpanel",
      "file_id": "BQACAgUAAxkBAAN2aWpMey93EO3ZFzBHbjQ-dWwIXFsAArgaAAJ3A1FXSkDNqxTjBxo4BA",
      "fileName": "NAERI_BACKUP_2026-01-16T13-40-07-119Z.zip"
    },
    {
      "nama": "SC MD ",
      "harga": 10000,
      "deskripsi": "sc md bot wa",
      "file_id": "BQACAgUAAxkBAAO2aWpT1jY9uJSYejdFzqkXJVr4JtsAArocAAJc6FBXUlUkVvc0Tsw4BA",
      "fileName": "NRLP-V1(UPDATE).zip"
    },
    {
      "nama": "SC PUSH KONTAK",
      "harga": 5000,
      "deskripsi": "sc md button NRLSTUDIO",
      "file_id": "BQACAgUAAxkBAAPAaWpYP_MU2i8YmEJaJ7J-T6YKuSAAAsocAAJc6FBXVeDqKuOfQo84BA",
      "fileName": "NRLP-V2.zip"
    },
    {
      "nama": "SC INSTALL PANEL",
      "harga": 20000,
      "deskripsi": "sc install panel",
      "file_id": "BQACAgUAAxkBAAPNaWpZzlqQ4V7vKh9Zmszq9Eok7xwAAlklAAKzPohWq4RJUFHTc6I4BA",
      "fileName": "SC_PROTECT_BY_MANSZY.zip"
    },
    {
      "nama": "SC FIX MERAH",
      "harga": 5000,
      "deskripsi": "sc fix nomor merah",
      "file_id": "BQACAgUAAxkBAAPTaWpacGAsWHP-PiG_LNL9086hFxwAAiIdAAJUu6FWAAFfY-6BmjwBOAQ",
      "fileName": "SC_JASHARE_BY_MANSZY.zip"
    },
    {
      "nama": "SC GACHA ANGKASA",
      "harga": 5000,
      "deskripsi": "script gacha",
      "file_id": "BQACAgUAAxkBAAPfaWpbPmaJHMLmd3wOaDUu3CcxRQMAAkIaAALpK9FWY2BijqHaPvg4BA",
      "fileName": "SC_gacha_angkasa.zip"
    },
    {
      "nama": "SC BUG SCARYY DHATE",
      "harga": 15000,
      "deskripsi": "masuk grup nanti",
      "file_id": "https://www.mediafire.com/file/xooee9aeft11n2q/ꜱᴄ+ꜱᴄᴀʀʀʏ+ᴅᴇᴀᴛʜ+ᴀᴜᴛᴏ+ᴜᴘᴅᴀᴛᴇ+2026.zip/file",
      "fileName": "sc scaryy dhate"
    },
    {
      "nama": "SC NOKOS",
      "harga": 15000,
      "deskripsi": "sc nokos no update",
      "file_id": "BQACAgUAAxkBAAIBAmlqXo-1nq2rXda8NeCXTa3OUaMTAAIyGgACVLupVsoxjihq_rCSOAQ",
      "fileName": "SC_NOKOS.zip"
    },
    {
      "nama": "APK POBB & QR NO KTP",
      "harga": 2000,
      "deskripsi": "apk ini cocok buat kalian anak jb atau yang membutuhkan qr tapi gak ada ktp",
      "file_id": "BQACAgUAAxkBAAIBDmlqYEme6pivTWQpz0ClRPrUo5MEAALaHAACXOhQV_peX6gRHct5OAQ",
      "fileName": "hyrizz.zip"
    },
    {
      "nama": "SC STORE VIA WA",
      "harga": 10000,
      "deskripsi": "NO ENC",
      "file_id": "BQACAgUAAxkBAAIBH2lqYbHUHvyrnY0AARXWcAi9UoEZgwACqx0AAi_gKFelsbF24mVBGTgE",
      "fileName": "Selfbot-Multidevice-V1_bay_vinsz.zip"
    }
  ],
  "apps": [
    {
      "nama": "SC UNBOT",
      "harga": 5000,
      "deskripsi": "100% gacor",
      "accounts": [
        }
      ]
    }
  ],
  "paymentMethod": "manual"
}