[
  {
    "userId": 8525190250,
    "userName": "about yan",
    "userUsername": "@im_yann1",
    "itemName": "Script: USERBOT V PANEL",
    "amount": 5062,
    "nominal": 5000,
    "proofPhotoId": "AgACAgUAAxkBAAIl72lRr8Le30crnUDTbb5Wp1hAlCksAAIVDGsbbRGJVuonhlZwMNmXAQADAgADeQADNgQ",
    "timestamp": 1766961090914,
    "status": "approved",
    "productData": {
      "type": "script",
      "index": 6
    },
    "approvedBy": 8525190250,
    "approvedAt": 1766961092472
  },
  {
    "userId": 8525190250,
    "userName": "about yan",
    "userUsername": "@im_yann1",
    "itemName": "Script: USERBOT V PANEL",
    "amount": 5015,
    "nominal": 5000,
    "proofPhotoId": "AgACAgUAAxkBAAImKmlR2HOQk9gUxkniOPiXzxvUG8MCAAJlC2sbln6RVlF367yUOdZxAQADAgADeAADNgQ",
    "timestamp": 1766971507566,
    "status": "approved",
    "productData": {
      "type": "script",
      "index": 6
    },
    "approvedBy": 8525190250,
    "approvedAt": 1766971509109
  },
  {
    "userId": 8525190250,
    "userName": "Piàn#1",
    "userUsername": "@im_yann1",
    "itemName": "Panel Unlimited",
    "amount": 3020,
    "nominal": 3000,
    "proofPhotoId": "AgACAgUAAxkBAAIm_mlSbINLAy263UI59Qb2Awp_bvefAAIpDWsbO6eQVmRZAAFnWwyVGgEAAwIAA3kAAzYE",
    "timestamp": 1767009411881,
    "status": "approved",
    "productData": {
      "type": "panel",
      "username": "Yanyo",
      "ram": 0,
      "price": 3000
    },
    "approvedBy": 8525190250,
    "approvedAt": 1767009413805
  },
  {
    "userId": 8525190250,
    "userName": "Piàn#1",
    "userUsername": "@im_yann1",
    "itemName": "Panel 10GB",
    "amount": 7524,
    "nominal": 7500,
    "proofPhotoId": "AgACAgUAAxkBAAInB2lSbPWJd27M-Ut8FxgbWA1mRs84AAKNC2sbln6ZVp0aHDutZhgnAQADAgADeQADNgQ",
    "timestamp": 1767009526114,
    "status": "approved",
    "productData": {
      "type": "panel",
      "username": "Yanyo",
      "ram": 10240,
      "price": 7500
    },
    "approvedBy": 8525190250,
    "approvedAt": 1767009527786
  },
  {
    "userId": 8525190250,
    "userName": "Piàn#1",
    "userUsername": "@im_yann1",
    "itemName": "Panel Unlimited",
    "amount": 3073,
    "nominal": 3000,
    "proofPhotoId": "AgACAgUAAxkBAAInB2lSbPWJd27M-Ut8FxgbWA1mRs84AAKNC2sbln6ZVp0aHDutZhgnAQADAgADeQADNgQ",
    "timestamp": 1767009585875,
    "status": "approved",
    "productData": {
      "type": "panel",
      "username": "Euehebe",
      "ram": 0,
      "price": 3000
    },
    "approvedBy": 8525190250,
    "approvedAt": 1767009588368
  },
  {
    "userId": 8506339482,
    "userName": "Sttokpian",
    "userUsername": "@Stokpian",
    "itemName": "Script: 🛒SCRIPT AUTO ORDER INI",
    "amount": 10054,
    "nominal": 10000,
    "proofPhotoId": "AgACAgUAAxkBAAInpmlSbdNwpLesciIiNB2qt5yi-ZAGAAJtDGsbQuuRVry5P9QCDhlKAQADAgADeQADNgQ",
    "timestamp": 1767009747521,
    "status": "approved",
    "productData": {
      "type": "script",
      "index": 10
    },
    "approvedBy": 8525190250,
    "approvedAt": 1767009752612
  },
  {
    "userId": 8525190250,
    "userName": "Piàn#1",
    "userUsername": "@im_yann1",
    "itemName": "Panel Unlimited",
    "amount": 3036,
    "nominal": 3000,
    "proofPhotoId": "AgACAgUAAxkBAAIoDGlSi7vpfe4mZg0TTCw97mm59WoyAAKFDWsb5eWRVssdsk10botMAQADAgADeQADNgQ",
    "timestamp": 1767017403428,
    "status": "approved",
    "productData": {
      "type": "panel",
      "username": "Nsnsjs",
      "ram": 0,
      "price": 3000
    },
    "approvedBy": 8525190250,
    "approvedAt": 1767017405163
  },
  {
    "userId": 8506339482,
    "userName": "Sttokpian",
    "userUsername": "@Stokpian",
    "itemName": "Script: 🛒SCRIPT AUTO ORDER INI",
    "amount": 10010,
    "nominal": 10000,
    "proofPhotoId": "AgACAgUAAxkBAAIoHGlSi_XBrtdPKGU4KvCzL73rXR41AAL1DGsbQuuRVn2hwr9d3E7VAQADAgADeQADNgQ",
    "timestamp": 1767017462260,
    "status": "approved",
    "productData": {
      "type": "script",
      "index": 10
    },
    "approvedBy": 8525190250,
    "approvedAt": 1767017467491
  },
  {
    "userId": 8525190250,
    "userName": "Piàn#1",
    "userUsername": "@im_yann1",
    "itemName": "Panel Unlimited",
    "amount": 3009,
    "nominal": 3000,
    "proofPhotoId": "AgACAgUAAxkBAAIozGlTFyW93zmhkYlfaG4NArHMJq7MAAKRDWsb5eWRVh07qGnm33ZwAQADAgADeQADOAQ",
    "timestamp": 1767053094095,
    "status": "approved",
    "productData": {
      "type": "panel",
      "username": "Yantii",
      "ram": 0,
      "price": 3000
    },
    "approvedBy": 8525190250,
    "approvedAt": 1767053095502
  },
  {
    "userId": 8506339482,
    "userName": "Sttokpian",
    "userUsername": "@Stokpian",
    "itemName": "Script: USERBOT V PANEL",
    "amount": 5073,
    "nominal": 5000,
    "proofPhotoId": "AgACAgUAAxkBAAIo2GlTF04VTWTA-A-20xstXKjCHWWRAAJGC2sbQuuZVpIVh5CnkzqsAQADAgADeQADOAQ",
    "timestamp": 1767053135073,
    "status": "approved",
    "productData": {
      "type": "script",
      "index": 6
    },
    "approvedBy": 8525190250,
    "approvedAt": 1767053141499
  },
  {
    "userId": 8525190250,
    "userName": "Piàn#1",
    "userUsername": "@im_yann1",
    "itemName": "Script: AUTO ORDERS PIAN V6",
    "amount": 5034,
    "nominal": 5000,
    "proofPhotoId": "AgACAgUAAxkBAAIpFGlTXvb9GXMKqk2NZui0zPIsSAvUAAI6C2sbln6hVlcwBIzmfNJ9AQADAgADeAADOAQ",
    "timestamp": 1767071478747,
    "status": "approved",
    "productData": {
      "type": "script",
      "index": 5
    },
    "approvedBy": 8525190250,
    "approvedAt": 1767071480194
  },
  {
    "userId": 8525190250,
    "userName": "Piàn#1",
    "userUsername": "@im_yann1",
    "itemName": "Panel Unlimited",
    "amount": 3036,
    "nominal": 3000,
    "proofPhotoId": "AgACAgUAAxkBAAIpKWlTYcrZLD1kz-6iH4hRTEsfq6ynAAI8C2sbln6hVk4nTi-Pk2ioAQADAgADeAADOAQ",
    "timestamp": 1767072203150,
    "status": "approved",
    "productData": {
      "type": "panel",
      "username": "Yahahaha",
      "ram": 0,
      "price": 3000
    },
    "approvedBy": 8525190250,
    "approvedAt": 1767072204914
  },
  {
    "userId": 8525190250,
    "userName": "Piàn#1",
    "userUsername": "@im_yann1",
    "itemName": "Panel 6GB",
    "amount": 4585,
    "nominal": 4500,
    "proofPhotoId": "AgACAgUAAxkBAAIpKWlTYcrZLD1kz-6iH4hRTEsfq6ynAAI8C2sbln6hVk4nTi-Pk2ioAQADAgADeAADOAQ",
    "timestamp": 1767077005027,
    "status": "approved",
    "productData": {
      "type": "panel",
      "username": "SnsNsnaana",
      "ram": 6144,
      "price": 4500
    },
    "approvedBy": 8525190250,
    "approvedAt": 1767077007376
  },
  {
    "userId": 8525190250,
    "userName": "Piàn#1",
    "userUsername": "@im_yann1",
    "itemName": "Script: SC AUTO ORDER WIKI",
    "amount": 4035,
    "nominal": 4000,
    "proofPhotoId": "AgACAgUAAxkBAAIpKWlTYcrZLD1kz-6iH4hRTEsfq6ynAAI8C2sbln6hVk4nTi-Pk2ioAQADAgADeAADOAQ",
    "timestamp": 1767081013731,
    "status": "approved",
    "productData": {
      "type": "script",
      "index": 9
    },
    "approvedBy": 8525190250,
    "approvedAt": 1767081015337
  },
  {
    "userId": 8525190250,
    "userName": "Piàn#1",
    "userUsername": "@im_yann1",
    "itemName": "Panel Unlimited",
    "amount": 3069,
    "nominal": 3000,
    "proofPhotoId": "AgACAgUAAxkBAAIpKWlTYcrZLD1kz-6iH4hRTEsfq6ynAAI8C2sbln6hVk4nTi-Pk2ioAQADAgADeAADOAQ",
    "timestamp": 1767081035908,
    "status": "approved",
    "productData": {
      "type": "panel",
      "username": "Nejw",
      "ram": 0,
      "price": 3000
    },
    "approvedBy": 8525190250,
    "approvedAt": 1767081037461
  },
  {
    "userId": 8525190250,
    "userName": "𝙥𝙞𝙖𝙣 𝙢𝙤𝙠𝙤𝙣𝙙𝙤 #992",
    "userUsername": "@im_yann1",
    "itemName": "Panel Unlimited",
    "amount": 3063,
    "nominal": 3000,
    "proofPhotoId": "AgACAgUAAxkBAAIpKWlTYcrZLD1kz-6iH4hRTEsfq6ynAAI8C2sbln6hVk4nTi-Pk2ioAQADAgADeAADOAQ",
    "timestamp": 1767089290296,
    "status": "approved",
    "productData": {
      "type": "panel",
      "username": "Memek",
      "ram": 0,
      "price": 3000
    },
    "approvedBy": 8525190250,
    "approvedAt": 1767089291706
  },
  {
    "userId": 8525190250,
    "userName": "𝙥𝙞𝙖𝙣 𝙢𝙤𝙠𝙤𝙣𝙙𝙤 #992",
    "userUsername": "@im_yann1",
    "itemName": "Script: 🛒SCRIPT AUTO ORDER INI",
    "amount": 10019,
    "nominal": 10000,
    "proofPhotoId": "AgACAgUAAxkBAAIqXGlTvlX4-qoNS3Iml8PJaCW717pFAAIaDWsbkzaZVpvf9iW12RavAQADAgADeAADOAQ",
    "timestamp": 1767095894102,
    "status": "approved",
    "productData": {
      "type": "script",
      "index": 10
    },
    "approvedBy": 8525190250,
    "approvedAt": 1767095895755
  },
  {
    "userId": 8525190250,
    "userName": "𝙥𝙞𝙖𝙣 𝙢𝙤𝙠𝙤𝙣𝙙𝙤 #992",
    "userUsername": "@im_yann1",
    "itemName": "Script: 🛒SCRIPT AUTO ORDER INI",
    "amount": 10078,
    "nominal": 10000,
    "proofPhotoId": "AgACAgUAAxkBAAIqjGlTy8_CpNUkXbQTfj00Vu65MeW0AAIKC2sbkzahVtjlibPhIw5DAQADAgADeQADOAQ",
    "timestamp": 1767099343246,
    "status": "approved",
    "productData": {
      "type": "script",
      "index": 10
    },
    "approvedBy": 8525190250,
    "approvedAt": 1767099344780
  },
  {
    "userId": 8525190250,
    "userName": "𝙥𝙞𝙖𝙣 𝙢𝙤𝙠𝙤𝙣𝙙𝙤 #992",
    "userUsername": "@im_yann1",
    "itemName": "Script: SC GACHA VVIP",
    "amount": 5045,
    "nominal": 5000,
    "proofPhotoId": "AgACAgUAAxkBAAIqjGlTy8_CpNUkXbQTfj00Vu65MeW0AAIKC2sbkzahVtjlibPhIw5DAQADAgADeQADOAQ",
    "timestamp": 1767099351787,
    "status": "approved",
    "productData": {
      "type": "script",
      "index": 0
    },
    "approvedBy": 8525190250,
    "approvedAt": 1767099353314
  },
  {
    "userId": 8525190250,
    "userName": "𝙥𝙞𝙖𝙣 𝙢𝙤𝙠𝙤𝙣𝙙𝙤 #992",
    "userUsername": "@im_yann1",
    "itemName": "Panel 10GB",
    "amount": 5059,
    "nominal": 5000,
    "proofPhotoId": "AgACAgUAAxkBAAIqjGlTy8_CpNUkXbQTfj00Vu65MeW0AAIKC2sbkzahVtjlibPhIw5DAQADAgADeQADOAQ",
    "timestamp": 1767099413012,
    "status": "approved",
    "productData": {
      "type": "panel",
      "username": "Bnnnn",
      "ram": 10240,
      "price": 5000
    },
    "approvedBy": 8525190250,
    "approvedAt": 1767099414734
  },
  {
    "userId": 8525190250,
    "userName": "𝙥𝙞𝙖𝙣 𝙢𝙤𝙠𝙤𝙣𝙙𝙤 #992",
    "userUsername": "@im_yann1",
    "itemName": "Script: MEMEEK",
    "amount": 80018,
    "nominal": 80000,
    "proofPhotoId": "AgACAgUAAxkBAAIqjGlTy8_CpNUkXbQTfj00Vu65MeW0AAIKC2sbkzahVtjlibPhIw5DAQADAgADeQADOAQ",
    "timestamp": 1767099496280,
    "status": "approved",
    "productData": {
      "type": "script",
      "index": 11
    },
    "approvedBy": 8525190250,
    "approvedAt": 1767099497767
  },
  {
    "userId": 8525190250,
    "userName": "𝙥𝙞𝙖𝙣#992",
    "userUsername": "@im_yann1",
    "itemName": "Script: FIX MERAH",
    "amount": 5053,
    "nominal": 5000,
    "proofPhotoId": "AgACAgUAAxkBAAIqjGlTy8_CpNUkXbQTfj00Vu65MeW0AAIKC2sbkzahVtjlibPhIw5DAQADAgADeQADOAQ",
    "timestamp": 1767101858944,
    "status": "approved",
    "productData": {
      "type": "script",
      "index": 2
    },
    "approvedBy": 8525190250,
    "approvedAt": 1767101860998
  },
  {
    "userId": 0,
    "idtransaksi": "UEjfvczTJKNvKWYA4zi2",
    "nominal": 578,
    "method": "atlantic",
    "status": "approved",
    "timestamp": 1767131312358
  },
  {
    "userId": 8525190250,
    "userName": "𝙥𝙞𝙖𝙣#992",
    "userUsername": "@im_yann1",
    "itemName": "Script: MT LIMIT PERMA TELE",
    "amount": 1059,
    "nominal": 1000,
    "proofPhotoId": "AgACAgUAAxkBAAIrvGlUSOFKjJyiO7JnihJ8NYgeVVWRAAKkC2sbkzahVjv2EF9W6hSHAQADAgADeAADOAQ",
    "timestamp": 1767131362186,
    "status": "approved",
    "productData": {
      "type": "script",
      "index": 7
    },
    "approvedBy": 8525190250,
    "approvedAt": 1767131363647
  },
  {
    "userId": 8525190250,
    "userName": "𝙥𝙞𝙖𝙣#992",
    "userUsername": "@im_yann1",
    "itemName": "Script: SC AUTO ORDER WIKI",
    "amount": 4093,
    "nominal": 4000,
    "proofPhotoId": "AgACAgUAAxkBAAIrvGlUSOFKjJyiO7JnihJ8NYgeVVWRAAKkC2sbkzahVjv2EF9W6hSHAQADAgADeAADOAQ",
    "timestamp": 1767131387420,
    "status": "approved",
    "productData": {
      "type": "script",
      "index": 9
    },
    "approvedBy": 8525190250,
    "approvedAt": 1767131388959
  },
  {
    "userId": 8525190250,
    "userName": "Pian#1",
    "userUsername": "@im_yann1",
    "itemName": "Script: ALL BOT OBF 3",
    "amount": 5088,
    "nominal": 5000,
    "proofPhotoId": "AgACAgUAAxkBAAIs8WlUdpvutEMudVIAAYiJ6L3HAY7D6AACxgtrG5M2oVYTLib3M35aIQEAAwIAA3kAAzgE",
    "timestamp": 1767143067712,
    "status": "approved",
    "productData": {
      "type": "script",
      "index": 12
    },
    "approvedBy": 8525190250,
    "approvedAt": 1767143069429
  },
  {
    "userId": 8525190250,
    "userName": "Pian#1",
    "userUsername": "@im_yann1",
    "itemName": "Panel Unlimited",
    "amount": 3074,
    "nominal": 3000,
    "proofPhotoId": "AgACAgUAAxkBAAIs8WlUdpvutEMudVIAAYiJ6L3HAY7D6AACxgtrG5M2oVYTLib3M35aIQEAAwIAA3kAAzgE",
    "timestamp": 1767144063213,
    "status": "approved",
    "productData": {
      "type": "panel",
      "username": "Eieis",
      "ram": 0,
      "price": 3000
    },
    "approvedBy": 8525190250,
    "approvedAt": 1767144065029
  },
  {
    "userId": 6037759088,
    "userName": "UNTUK AKUN SHARE KU, ID 60",
    "userUsername": "@kontolanjpepek",
    "itemName": "Script: 🛒SCRIPT AUTO ORDER INI",
    "amount": 10074,
    "nominal": 10000,
    "proofPhotoId": "AgACAgUAAxkBAAItZGlUe6hauwEI2EPfiq-NpQpeC7HFAAIYC2sb9IyoVjpFS4yFCnnuAQADAgADeQADOAQ",
    "timestamp": 1767144360298,
    "status": "approved",
    "productData": {
      "type": "script",
      "index": 10
    },
    "approvedBy": 8525190250,
    "approvedAt": 1767144425278
  },
  {
    "userId": 8525190250,
    "userName": "Pian#1",
    "userUsername": "@im_yann1",
    "itemName": "Script: 🛒SCRIPT AUTO ORDER INI",
    "amount": 10078,
    "nominal": 10000,
    "proofPhotoId": "AgACAgUAAxkBAAIt1mlUlEdbJoY1DQq-7uWmupbEF1dYAAL_C2sbkzahVobzy_AAAft8_AEAAwIAA3kAAzgE",
    "timestamp": 1767150663996,
    "status": "approved",
    "productData": {
      "type": "script",
      "index": 10
    },
    "approvedBy": 8525190250,
    "approvedAt": 1767150673728
  },
  {
    "userId": 8506339482,
    "userName": "KANG NOKOS",
    "userUsername": "@Nokosnihii",
    "itemName": "Panel Unlimited",
    "amount": 3051,
    "nominal": 3000,
    "proofPhotoId": "AgACAgUAAxkBAAIt4WlUlIqH1YkZ4ZCkBnbUe77PSomeAAIoDGsbspygVsLTCH0mYGSwAQADAgADeQADOAQ",
    "timestamp": 1767150730498,
    "status": "approved",
    "productData": {
      "type": "panel",
      "username": "Jjjaa",
      "ram": 0,
      "price": 3000
    },
    "approvedBy": 8525190250,
    "approvedAt": 1767150735846
  },
  {
    "userId": 8506339482,
    "userName": "Puaaa",
    "userUsername": "@Nokosnihii",
    "itemName": "Script: ALL BOT OBF 3",
    "amount": 5063,
    "nominal": 5000,
    "proofPhotoId": "AgACAgUAAxkBAAIxeWlUtR4O-nFffvQb37PMDcs-SBcZAAKLDGsbspygVsRO-Dh22EesAQADAgADeAADOAQ",
    "timestamp": 1767159071121,
    "status": "approved",
    "productData": {
      "type": "script",
      "index": 12
    },
    "approvedBy": 8525190250,
    "approvedAt": 1767159076113
  },
  {
    "userId": 8506339482,
    "userName": "Puaaa",
    "userUsername": "@Nokosnihii",
    "itemName": "Panel Unlimited",
    "amount": 3059,
    "nominal": 3000,
    "proofPhotoId": "AgACAgUAAxkBAAIxo2lUu6eiRHPnEQ6bukJTorO45UuaAAKfDGsbspygVv51gba-SPfnAQADAgADeQADOAQ",
    "timestamp": 1767160743736,
    "status": "approved",
    "productData": {
      "type": "panel",
      "username": "Yanto",
      "ram": 0,
      "price": 3000
    },
    "approvedBy": 8525190250,
    "approvedAt": 1767160749966
  },
  {
    "userId": 8506339482,
    "userName": "Puaaa",
    "userUsername": "@Nokosnihii",
    "itemName": "Panel Unlimited",
    "amount": 3004,
    "nominal": 3000,
    "proofPhotoId": "AgACAgUAAxkBAAIxo2lUu6eiRHPnEQ6bukJTorO45UuaAAKfDGsbspygVv51gba-SPfnAQADAgADeQADOAQ",
    "timestamp": 1767161593470,
    "status": "approved",
    "productData": {
      "type": "panel",
      "username": "Kontol",
      "ram": 0,
      "price": 3000
    },
    "approvedBy": 8525190250,
    "approvedAt": 1767161601133
  },
  {
    "userId": 8525190250,
    "userName": "Pian#1",
    "userUsername": "@im_yann1",
    "itemName": "Script: SCRIPT MD V2",
    "amount": 3031,
    "nominal": 3000,
    "proofPhotoId": "AgACAgUAAxkBAAIxymlUwRCM_astylmCQXvBYOoB-NHJAAKsC2sbeDSpVnBUWGVaSEJyAQADAgADeQADOAQ",
    "timestamp": 1767162128266,
    "status": "approved",
    "productData": {
      "type": "script",
      "index": 11
    },
    "approvedBy": 8525190250,
    "approvedAt": 1767162131307
  },
  {
    "userId": 8506339482,
    "userName": "Puaaa",
    "userUsername": "@Nokosnihii",
    "itemName": "Panel Unlimited",
    "amount": 3056,
    "nominal": 3000,
    "proofPhotoId": "AgACAgUAAxkBAAIxo2lUu6eiRHPnEQ6bukJTorO45UuaAAKfDGsbspygVv51gba-SPfnAQADAgADeQADOAQ",
    "timestamp": 1767162185060,
    "status": "approved",
    "productData": {
      "type": "panel",
      "username": "Konollll",
      "ram": 0,
      "price": 3000
    },
    "approvedBy": 8525190250,
    "approvedAt": 1767162199787
  },
  {
    "userId": 8506339482,
    "userName": "N8h",
    "userUsername": "@Nokosnihii",
    "itemName": "Script: 🛒SCRIPT AUTO ORDER INI",
    "amount": 10004,
    "nominal": 10000,
    "proofPhotoId": "AgACAgUAAxkBAAIxo2lUu6eiRHPnEQ6bukJTorO45UuaAAKfDGsbspygVv51gba-SPfnAQADAgADeQADOAQ",
    "timestamp": 1767162555392,
    "status": "approved",
    "productData": {
      "type": "script",
      "index": 10
    },
    "approvedBy": 8525190250,
    "approvedAt": 1767162561192
  },
  {
    "userId": 8506339482,
    "userName": "Maklo yatim",
    "userUsername": "@Nokosnihii",
    "itemName": "Panel 10GB",
    "amount": 5092,
    "nominal": 5000,
    "proofPhotoId": "AgACAgUAAxkBAAIxo2lUu6eiRHPnEQ6bukJTorO45UuaAAKfDGsbspygVv51gba-SPfnAQADAgADeQADOAQ",
    "timestamp": 1767162645525,
    "status": "approved",
    "productData": {
      "type": "panel",
      "username": "Ronii",
      "ram": 10240,
      "price": 5000
    },
    "approvedBy": 8525190250,
    "approvedAt": 1767162652468
  },
  {
    "userId": 7773170952,
    "userName": "Pian#1",
    "userUsername": "@Pianprimrose",
    "itemName": "Panel Unlimited",
    "amount": 3024,
    "nominal": 3000,
    "proofPhotoId": "AgACAgUAAxkBAAIyW2lU2wN2tOVZA14t1REB9ozKFMekAALODWsbJp6hVv4SU3MH18xsAQADAgADeAADOAQ",
    "timestamp": 1767168771343,
    "status": "approved",
    "productData": {
      "type": "panel",
      "username": "Puqiiamaj",
      "ram": 0,
      "price": 3000
    },
    "approvedBy": 8525190250,
    "approvedAt": 1767168775041
  },
  {
    "userId": 8506339482,
    "userName": "Euy",
    "userUsername": "@Nokosnihii",
    "itemName": "Panel Unlimited",
    "amount": 3018,
    "nominal": 3000,
    "proofPhotoId": "AgACAgUAAxkBAAIyaWlU206cE4R4XOxriGKqf-gDgQSrAALeDGsbspygVtrAhNwKKt-jAQADAgADeQADOAQ",
    "timestamp": 1767168846537,
    "status": "approved",
    "productData": {
      "type": "panel",
      "username": "Yatem",
      "ram": 0,
      "price": 3000
    },
    "approvedBy": 8525190250,
    "approvedAt": 1767168853238
  },
  {
    "userId": 8506339482,
    "userName": "Kiwi",
    "userUsername": "@Nokosnihii",
    "itemName": "Panel 2GB",
    "amount": 1076,
    "nominal": 1000,
    "proofPhotoId": "AgACAgUAAxkBAAIyhmlU5A1uBTnBAa39rInO6yvoGXlKAAIWC2sbspyoVqBj7hx4nFO1AQADAgADeQADOAQ",
    "timestamp": 1767171085326,
    "status": "approved",
    "productData": {
      "type": "panel",
      "username": "Puqimay",
      "ram": 2048,
      "price": 1000
    },
    "approvedBy": 8525190250,
    "approvedAt": 1767171090440
  },
  {
    "userId": 7773170952,
    "userName": "ACOUNT PROMOSIII BANG",
    "userUsername": "@Pianprimrose",
    "itemName": "Script: SC AUTO ORDER WIKI",
    "amount": 4022,
    "nominal": 4000,
    "proofPhotoId": "AgACAgUAAxkBAAI14mlU9FBpFEcfIp98fkanayqbdtmtAAILC2sbJp6pVvicaCnauOWsAQADAgADdwADOAQ",
    "timestamp": 1767175248575,
    "status": "approved",
    "productData": {
      "type": "script",
      "index": 9
    },
    "approvedBy": 8525190250,
    "approvedAt": 1767175255242
  },
  {
    "userId": 8506339482,
    "userName": "Alll dev#2",
    "userUsername": "@all_seeuu",
    "itemName": "Panel Unlimited",
    "amount": 3019,
    "nominal": 3000,
    "proofPhotoId": "AgACAgUAAxkBAAI18GlU9K4zbYXZxu6rJtjB8cCBJ-luAAI-C2sbspyoVujrMQkvvXGfAQADAgADeQADOAQ",
    "timestamp": 1767175342491,
    "status": "approved",
    "productData": {
      "type": "panel",
      "username": "Puqi",
      "ram": 0,
      "price": 3000
    },
    "approvedBy": 8525190250,
    "approvedAt": 1767175350304
  },
  {
    "userId": 8525190250,
    "userName": "Pian#1",
    "userUsername": "@im_yann1",
    "itemName": "Script: SC AUTO ORDER WIKI",
    "amount": 4034,
    "nominal": 4000,
    "proofPhotoId": "AgACAgUAAxkBAAI2FGlVATxkJmghfU-fVDFukJkBH7C5AAJvC2sbkzapVrPFXIxWawPYAQADAgADeQADOAQ",
    "timestamp": 1767178557145,
    "status": "rejected",
    "productData": {
      "type": "script",
      "index": 9
    },
    "rejectedBy": 8525190250,
    "rejectedAt": 1767178561518
  },
  {
    "userId": 8525190250,
    "userName": "Pian#1",
    "userUsername": "@im_yann1",
    "itemName": "Script: 🛒CPANEL NAERI",
    "amount": 3047,
    "nominal": 3000,
    "proofPhotoId": "AgACAgUAAxkBAAI2L2lVDTxRV9cAAfBvLrScyj8GxKppawACfQtrG5M2qVbP4CntIcn1mgEAAwIAA3kAAzgE",
    "timestamp": 1767181628679,
    "status": "approved",
    "productData": {
      "type": "script",
      "index": 15
    },
    "approvedBy": 8525190250,
    "approvedAt": 1767181630312
  },
  {
    "userId": 8506339482,
    "userName": "Alif",
    "userUsername": "@all_seeuu",
    "itemName": "Panel Unlimited",
    "amount": 3055,
    "nominal": 3000,
    "proofPhotoId": "AgACAgUAAxkBAAI2R2lVD_B7TGm4l9hnbV_rbeAfaLfuAAJtC2sbspyoVhy8sROMwX1QAQADAgADeQADOAQ",
    "timestamp": 1767182320867,
    "status": "approved",
    "productData": {
      "type": "panel",
      "username": "Yantomsksks",
      "ram": 0,
      "price": 3000
    },
    "approvedBy": 8525190250,
    "approvedAt": 1767182332837
  },
  {
    "userId": 8506339482,
    "userName": "Arja",
    "userUsername": "@all_seeuu",
    "itemName": "Script: SC DDOS V PANEL",
    "amount": 5085,
    "nominal": 5000,
    "proofPhotoId": "AgACAgUAAxkBAAI2R2lVD_B7TGm4l9hnbV_rbeAfaLfuAAJtC2sbspyoVhy8sROMwX1QAQADAgADeQADOAQ",
    "timestamp": 1767186146666,
    "status": "approved",
    "productData": {
      "type": "script",
      "index": 13
    },
    "approvedBy": 8525190250,
    "approvedAt": 1767186153151
  },
  {
    "userId": 8506339482,
    "userName": "New",
    "userUsername": "@all_seeuu",
    "itemName": "Script: 🛒CPANEL NAERI",
    "amount": 3011,
    "nominal": 3000,
    "proofPhotoId": "AgACAgUAAxkBAAI67mlVtMNRtjZznCJYtJXxxfMk2hg2AALqC2sbmgGxVkgBGV_x0hQtAQADAgADeQADOAQ",
    "timestamp": 1767224515603,
    "status": "approved",
    "productData": {
      "type": "script",
      "index": 15
    },
    "approvedBy": 8525190250,
    "approvedAt": 1767224520664
  },
  {
    "userId": 0,
    "idtransaksi": "uGL8rzkfo9Yp0uIOsh1u",
    "nominal": 9067,
    "method": "atlantic",
    "status": "approved",
    "timestamp": 1767225695468
  },
  {
    "userId": 0,
    "idtransaksi": "LtRb4GZbmUFQuveoCPqj",
    "nominal": 2018,
    "method": "atlantic",
    "status": "approved",
    "timestamp": 1767227986483
  },
  {
    "userId": 0,
    "idtransaksi": "h0T6RWd6wmFNqprOf6sZ",
    "nominal": 3081,
    "method": "atlantic",
    "status": "approved",
    "timestamp": 1767228021465
  },
  {
    "userId": 8506339482,
    "userName": "Kileer",
    "userUsername": "@all_seeuu",
    "itemName": "Script: SC PUSHKON",
    "amount": 2093,
    "nominal": 2000,
    "proofPhotoId": "AgACAgUAAxkBAAI9BGlV6DZz-7_AkgvbkbiMk__bD-hJAAI3DGsbmgGxVqQp6cqPyTslAQADAgADeQADOAQ",
    "timestamp": 1767237686632,
    "status": "approved",
    "productData": {
      "type": "script",
      "index": 16
    },
    "approvedBy": 8525190250,
    "approvedAt": 1767237692266
  },
  {
    "userId": 1755963288,
    "userName": "Yan",
    "userUsername": "@pianseiren",
    "itemName": "Script: SC LIMIT TELE",
    "amount": 2031,
    "nominal": 2000,
    "proofPhotoId": "AgACAgUAAxkBAAI-XmlV6NRwJAVP0zmuxJ8iIr7u42_QAAJcC2sb-gqwVsBmFzkbUe1UAQADAgADeQADOAQ",
    "timestamp": 1767237844438,
    "status": "approved",
    "productData": {
      "type": "script",
      "index": 14
    },
    "approvedBy": 8525190250,
    "approvedAt": 1767237849415
  },
  {
    "userId": 8482288375,
    "userName": "MANSZY_OFFICIAL",
    "userUsername": "@MANSZY_OFFCIAL",
    "itemName": "Script: SC PUSHKON",
    "amount": 2060,
    "nominal": 2000,
    "proofPhotoId": "AgACAgUAAxkBAAIB3GlWoKQOXPfvHSte95pbzlrBbNCHAAI9C2sbuuu4VpCNdtiLEB2EAQADAgADeQADOAQ",
    "timestamp": 1767284901213,
    "status": "approved",
    "productData": {
      "type": "script",
      "index": 16
    },
    "approvedBy": 8482288375,
    "approvedAt": 1767284903158
  },
  {
    "userId": 8482288375,
    "userName": "MANSZY_OFFICIAL",
    "userUsername": "@MANSZY_OFFCIAL",
    "itemName": "Script: SC GACHA VVIP",
    "amount": 5086,
    "nominal": 5000,
    "proofPhotoId": "AgACAgUAAxkBAAIB82lWoS0yhowuzrpw7cu4vnw0FUm4AAIbDWsbj26xVlCoPsk8I74XAQADAgADeQADOAQ",
    "timestamp": 1767285037484,
    "status": "approved",
    "productData": {
      "type": "script",
      "index": 0
    },
    "approvedBy": 8482288375,
    "approvedAt": 1767285039048
  },
  {
    "userId": 8482288375,
    "userName": "MANSZY_OFFICIAL",
    "userUsername": "@MANSZY_OFFCIAL",
    "itemName": "Panel Unlimited",
    "amount": 3039,
    "nominal": 3000,
    "proofPhotoId": "AgACAgUAAxkBAAICTGlWpBeyM7-Fae16FZUfqD6ZRCMCAAIxDGsbO_uwVlIy8FR_VUpHAQADAgADeQADOAQ",
    "timestamp": 1767285784181,
    "status": "approved",
    "productData": {
      "type": "panel",
      "username": "MANSZY",
      "ram": 0,
      "price": 3000
    },
    "approvedBy": 8482288375,
    "approvedAt": 1767285785773
  },
  {
    "userId": 8482288375,
    "userName": "MANSZY_OFFICIAL",
    "userUsername": "@MANSZY_OFFCIAL",
    "itemName": "Script: BASE MIYAKO V5",
    "amount": 30015,
    "nominal": 30000,
    "proofPhotoId": "AgACAgUAAxkBAAICWGlWpINZjL5ZiuRXzTKFtH2ACklTAAIFC2sbh_K5VrGjIXSfbUsZAQADAgADeQADOAQ",
    "timestamp": 1767285891392,
    "status": "approved",
    "productData": {
      "type": "script",
      "index": 6
    },
    "approvedBy": 8482288375,
    "approvedAt": 1767285893032
  },
  {
    "userId": 8482288375,
    "userName": "MANSZY_OFFICIAL",
    "userUsername": "@MANSZY_OFFCIAL",
    "itemName": "Panel Unlimited",
    "amount": 3048,
    "nominal": 3000,
    "proofPhotoId": "AgACAgUAAxkBAAIDnGlX3hwCEG2tZmi4F3lI7N0hCaSGAAJhC2sbh_K5Vvbsdulvq5-_AQADAgADeQADOAQ",
    "timestamp": 1767366172682,
    "status": "approved",
    "productData": {
      "type": "panel",
      "username": "manszy",
      "ram": 0,
      "price": 3000
    },
    "approvedBy": 8482288375,
    "approvedAt": 1767366174351
  },
  {
    "userId": 8482288375,
    "userName": "MANSZY_OFFICIAL",
    "userUsername": "@MANSZY_OFFCIAL",
    "itemName": "Panel Unlimited",
    "amount": 3076,
    "nominal": 3000,
    "proofPhotoId": "AgACAgUAAxkBAAIEWmlX6VnM_gKrAsDhQ6KC3ySlyXifAALyDWsb6SvBVgI5HBliiOE7AQADAgADeQADOAQ",
    "timestamp": 1767369049462,
    "status": "approved",
    "productData": {
      "type": "panel",
      "username": "MANSZYOFFC",
      "ram": 0,
      "price": 3000
    },
    "approvedBy": 8482288375,
    "approvedAt": 1767369052476
  },
  {
    "userId": 5674373241,
    "userName": "DANZZ",
    "userUsername": "@danzz4you2",
    "itemName": "Panel Unlimited",
    "amount": 3098,
    "nominal": 3000,
    "proofPhotoId": "AgACAgUAAxkBAAIEvGlX7ZQDVV3cHmZLa5hwzKeRJCAWAAIQDmsbELHAVmF29FWX2nRfAQADAgADeQADOAQ",
    "timestamp": 1767370132389,
    "status": "approved",
    "productData": {
      "type": "panel",
      "username": "Danzzganteng321",
      "ram": 0,
      "price": 3000
    },
    "approvedBy": 8482288375,
    "approvedAt": 1767370152828
  },
  {
    "userId": 8482288375,
    "userName": "MANSZY_OFFICIAL",
    "userUsername": "@MANSZY_OFFCIAL",
    "itemName": "Script: SC AUTO ORDER INI",
    "amount": 20094,
    "nominal": 20000,
    "proofPhotoId": "AgACAgUAAxkBAAIFuWlZFAxIci_pv-U-3Xe_wQwirO7MAAIGC2sb6SvRVmr4qZHMl4R0AQADAgADeQADOAQ",
    "timestamp": 1767445516871,
    "status": "approved",
    "productData": {
      "type": "script",
      "index": 7
    },
    "approvedBy": 8482288375,
    "approvedAt": 1767445518675
  },
  {
    "userId": 8482288375,
    "userName": "GA TAU SIAPA",
    "userUsername": "@MANSZY_OFFCIAL",
    "itemName": "Script: SC AUTO ORDER YANG INI",
    "amount": 10061,
    "nominal": 10000,
    "proofPhotoId": "AgACAgUAAxkBAAIF6WlZNWXJpAQFjdgGc89JB9I6dGDrAAJvDGsbNDLIVnvged7XBvEvAQADAgADeQADOAQ",
    "timestamp": 1767454053249,
    "status": "approved",
    "productData": {
      "type": "script",
      "index": 8
    },
    "approvedBy": 8482288375,
    "approvedAt": 1767454055011
  },
  {
    "userId": 8482288375,
    "userName": "..",
    "userUsername": "@MANSZY_OFFCIAL",
    "itemName": "Panel 1GB",
    "amount": 561,
    "nominal": 500,
    "proofPhotoId": "AgACAgUAAxkBAAIGfGlZS7-Ma5VL9qZMoHmPahvQr1ksAAKjC2sb6SvRVmDaE8S8C32OAQADAgADeAADOAQ",
    "timestamp": 1767459775777,
    "status": "approved",
    "productData": {
      "type": "panel",
      "username": "MANSZY",
      "ram": 1024,
      "price": 500
    },
    "approvedBy": 8482288375,
    "approvedAt": 1767459777570
  },
  {
    "userId": 8482288375,
    "userName": "..",
    "userUsername": "@MANSZY_OFFCIAL",
    "itemName": "Panel 1GB",
    "amount": 530,
    "nominal": 500,
    "proofPhotoId": "AgACAgUAAxkBAAIGk2lZW_I11DQa2Wc-AbrGof4v2QolAAK5C2sb6SvRVg3nITfeNqB-AQADAgADeQADOAQ",
    "timestamp": 1767463922761,
    "status": "approved",
    "productData": {
      "type": "panel",
      "username": "PPQ",
      "ram": 1024,
      "price": 500
    },
    "approvedBy": 8482288375,
    "approvedAt": 1767463924494
  },
  {
    "userId": 1757946598,
    "userName": "oémjí cèllo",
    "userUsername": "@cellowtzy",
    "itemName": "Script: SC GACHA ANGKASA",
    "amount": 5064,
    "nominal": 5000,
    "proofPhotoId": "AgACAgUAAxkBAAIG4mlZfg5FZL2FdSeU4LL9r1hpEeyBAAIZEGsbldjJVoCpzxjsAoR6AQADAgADeAADOAQ",
    "timestamp": 1767472654911,
    "status": "rejected",
    "productData": {
      "type": "script",
      "index": 8
    },
    "rejectedBy": 8482288375,
    "rejectedAt": 1767472667817
  },
  {
    "userId": 8482288375,
    "userName": "MANSZYOFFC (PENSI DULU SEBENTAR)",
    "userUsername": "@MANSZY_OFFCIAL",
    "itemName": "Script: SC AUTO ORDER YANG INI",
    "amount": 5010,
    "nominal": 5000,
    "proofPhotoId": "AgACAgUAAxkBAAIJPWlZ38eG1sx2pWGpKlNY43BLoxw3AAJUDGsbO5fJVvsRZXfLN8enAQADAgADeQADOAQ",
    "timestamp": 1767497671441,
    "status": "approved",
    "productData": {
      "type": "script",
      "index": 8
    },
    "approvedBy": 8482288375,
    "approvedAt": 1767497673139
  },
  {
    "userId": 8482288375,
    "userName": "CUKI MAY",
    "userUsername": "@MANSZY_OFFCIAL",
    "itemName": "VPS LOW - 2c2 - sgp1",
    "amount": 5098,
    "nominal": 5000,
    "proofPhotoId": "AgACAgUAAxkBAAIKzWlai9ZwJ4_xY05X0RTFHkaHEwYpAAI0DWsbO5fRVmImRWNzb-1PAQADAgADeQADOAQ",
    "timestamp": 1767541718436,
    "status": "approved",
    "productData": {
      "type": "vps",
      "vpsData": {
        "paket": "low",
        "plan": "2c2",
        "osFamily": "ubuntu",
        "os": "ubuntu-22-04-x64",
        "regionList": [
          {
            "name": "SINGAPORE",
            "code": "sgp1"
          },
          {
            "name": "NEW YORK",
            "code": "nyc3"
          },
          {
            "name": "SAN FRANCISCO",
            "code": "sfo3"
          },
          {
            "name": "AMSTERDAM",
            "code": "ams3"
          },
          {
            "name": "LONDON",
            "code": "lon1"
          },
          {
            "name": "FRANKFURT",
            "code": "fra1"
          }
        ],
        "region": "sgp1",
        "harga": 5000,
        "username": "MANSZY_OFFCIAL"
      }
    },
    "approvedBy": 8482288375,
    "approvedAt": 1767541723294
  },
  {
    "userId": 8482288375,
    "userName": "CUKI MAY",
    "userUsername": "@MANSZY_OFFCIAL",
    "itemName": "VPS LOW - 2c2 - sgp1",
    "amount": 5014,
    "nominal": 5000,
    "proofPhotoId": "AgACAgUAAxkBAAIK5GlajPjny04JZa0IUH4083BwtlLZAAKzDGsbr__JVplXq0H-gyZrAQADAgADeQADOAQ",
    "timestamp": 1767542008572,
    "status": "approved",
    "productData": {
      "type": "vps",
      "vpsData": {
        "paket": "low",
        "plan": "2c2",
        "osFamily": "ubuntu",
        "os": "ubuntu-22-04-x64",
        "regionList": [
          {
            "name": "SINGAPORE",
            "code": "sgp1"
          },
          {
            "name": "NEW YORK",
            "code": "nyc3"
          },
          {
            "name": "SAN FRANCISCO",
            "code": "sfo3"
          },
          {
            "name": "AMSTERDAM",
            "code": "ams3"
          },
          {
            "name": "LONDON",
            "code": "lon1"
          },
          {
            "name": "FRANKFURT",
            "code": "fra1"
          }
        ],
        "region": "sgp1",
        "harga": 5000,
        "username": "MANSZY_OFFCIAL"
      }
    },
    "approvedBy": 8482288375,
    "approvedAt": 1767542010297
  },
  {
    "userId": 7770273914,
    "userName": "Najrill Ilham",
    "userUsername": "-",
    "itemName": "Script: SC CPANEL 5 SERVER V5",
    "amount": 15099,
    "nominal": 15000,
    "proofPhotoId": "AgACAgUAAxkBAANOaWpBTux91Q0q_3q04ZT6dp33pmMAAkgNaxsft1hX6xCL8QPljM0BAAMCAAN5AAM4BA",
    "timestamp": 1768571214836,
    "status": "approved",
    "productData": {
      "type": "script",
      "index": 0
    },
    "approvedBy": 6621125814,
    "approvedAt": 1768571246699
  },
  {
    "userId": 6621125814,
    "userName": "CEO NRLSTUDIO",
    "userUsername": "@nazrielstudio",
    "itemName": "Panel Unlimited",
    "amount": 6070,
    "nominal": 6000,
    "proofPhotoId": "AgACAgUAAxkBAANeaWpE-O5U4XFhoGz6XQeb759n1Y4AAmINaxtc6FBXpXRpHgIJrUwBAAMCAAN5AAM4BA",
    "timestamp": 1768572152597,
    "status": "approved",
    "productData": {
      "type": "panel",
      "username": "aim",
      "ram": 0,
      "price": 6000
    },
    "approvedBy": 6621125814,
    "approvedAt": 1768572154792
  },
  {
    "userId": 7770273914,
    "userName": "Najrill Ilham",
    "userUsername": "-",
    "itemName": "Script: SC JASHARE",
    "amount": 5097,
    "nominal": 5000,
    "proofPhotoId": "AgACAgUAAxkBAAPuaWpcnK3NT_Qc7UHPSEJvw5tHXZwAApoNaxsft1hXKQEedOFLhY4BAAMCAAN5AAM4BA",
    "timestamp": 1768578205196,
    "status": "approved",
    "productData": {
      "type": "script",
      "index": 8
    },
    "approvedBy": 6621125814,
    "approvedAt": 1768578249766
  },
  {
    "userId": 7770273914,
    "userName": "Najrill Ilham",
    "userUsername": "-",
    "itemName": "App: AKSES APK BUG KONOHA CRASHER 1 MINGGU x1",
    "amount": 10040,
    "nominal": 10000,
    "proofPhotoId": "AgACAgUAAxkBAAIBxWlqc4NhwSMgTJgL8KqmojqwcjdHAAKsDWsbH7dYV2pQ4S_nvfKUAQADAgADbQADOAQ",
    "timestamp": 1768584068014,
    "status": "approved",
    "productData": {
      "type": "app",
      "idx": 2,
      "qty": 1,
      "total": 10000
    },
    "approvedBy": 6621125814,
    "approvedAt": 1768584078197
  },
  {
    "userId": 8135101515,
    "userName": "ᝯׁ֒ʜɪƙׁׅɑׁׅ",
    "userUsername": "@Chikaalestaris",
    "itemName": "Panel 4GB",
    "amount": 4071,
    "nominal": 4000,
    "proofPhotoId": "AgACAgUAAxkBAAICZWlqjxqm5Kc-4eYQIHdknN-zbKCTAAJuD2sbNv5QV4pPglv65hI4AQADAgADeQADOAQ",
    "timestamp": 1768591130504,
    "status": "approved",
    "productData": {
      "type": "panel",
      "username": "chikanel",
      "ram": 4096,
      "price": 4000
    },
    "approvedBy": 6621125814,
    "approvedAt": 1768591173872
  }
]